{"cameraMode":{"drawMode":0,"name":"Shaded","section":"Shading Mode"},"sceneLighting":false,"audioPlay":false,"sceneViewState":{"m_AlwaysRefresh":false,"showFog":true,"showSkybox":true,"showFlares":true,"showImageEffects":true,"showParticleSystems":true,"showVisualEffectGraphs":true,"m_FxEnabled":true},"in2DMode":false,"pivot":{"x":1.8610272407531739,"y":-0.7106986045837402,"z":-1.3613157272338868},"rotation":{"x":-0.045395806431770328,"y":0.9457190036773682,"z":-0.2841692566871643,"w":-0.15105541050434113},"size":4.8219804763793949,"orthographic":false}